<?xml version="1.0" encoding="UTF-8" ?>
<!DOCTYPE mapper
  PUBLIC "-//mybatis.org//DTD Mapper 3.0//EN"
  "http://mybatis.org/dtd/mybatis-3-mapper.dtd">
  
  <mapper namespace="com.stella.web.product.mapper.ProductMapper">  
  		<select id="list" resultType="com.stella.web.product.vo.Product">
  			select * from product
  			<where>
  			<if test="searchText !=null">
  			   product_name like concat('%',#{searchText},'%')
  			</if>
  			<if test="searchPrice1 !=null and searchPrice2 !=null">
  			   and product_price between #{searchPrice1} 
  			   and #{searchPrice2} 
  			</if>
  			</where>
  		
  		</select>

  </mapper>
  
